{
  "poems": [
    {
      "id": 1,
      "title": "Wdzięczność",
      "file": "poems/001.txt"
    },
    {
      "id": 2,
      "title": "Renifer",
      "file": "poems/002.txt"
    },
    {
      "id": 3,
      "title": "Ojcze",
      "file": "poems/003.txt"
    },
    {
      "id": 4,
      "title": "Radość szalona",
      "file": "poems/004.txt"
    },
    {
      "id": 5,
      "title": "Muzyko",
      "file": "poems/005.txt"
    },
    {
      "id": 6,
      "title": "Stary kasztanie",
      "file": "poems/006.txt"
    },
    {
      "id": 7,
      "title": "Przychodź do mnie w snach",
      "file": "poems/007.txt"
    },
    {
      "id": 8,
      "title": "Starzec",
      "file": "poems/008.txt"
    },
    {
      "id": 9,
      "title": "Modlitwa",
      "file": "poems/009.txt"
    },
    {
      "id": 10,
      "title": "Dzień przed podróżą",
      "file": "poems/010.txt"
    },
    {
      "id": 11,
      "title": "Księżycowa noc",
      "file": "poems/011.txt"
    },
    {
      "id": 12,
      "title": "Pierwsze oznaki wiosny",
      "file": "poems/012.txt"
    },
    {
      "id": 13,
      "title": "W zagubionym dźwięku",
      "file": "poems/013.txt"
    },
    {
      "id": 14,
      "title": "Bezsilność",
      "file": "poems/014.txt"
    },
    {
      "id": 15,
      "title": "Zmierzchem złościcie",
      "file": "poems/015.txt"
    },
    {
      "id": 16,
      "title": "Krople z fortepianu",
      "file": "poems/016.txt"
    },
    {
      "id": 17,
      "title": "Żyj każdego dnia",
      "file": "poems/017.txt"
    },
    {
      "id": 18,
      "title": "Pamiętasz Panie",
      "file": "poems/018.txt"
    },
    {
      "id": 19,
      "title": "Testament",
      "file": "poems/019.txt"
    },
    {
      "id": 20,
      "title": "Szarość",
      "file": "poems/020.txt"
    },
    {
      "id": 21,
      "title": "Za szybą",
      "file": "poems/021.txt"
    },
    {
      "id": 22,
      "title": "Zagubiony gość odziany śnieżnym płaszczem",
      "file": "poems/022.txt"
    },
    {
      "id": 23,
      "title": "Oczy szeroko zamknięte",
      "file": "poems/023.txt"
    },
    {
      "id": 24,
      "title": "Spadające z chmur",
      "file": "poems/024.txt"
    },
    {
      "id": 25,
      "title": "Mój rodzinny",
      "file": "poems/025.txt"
    },
    {
      "id": 26,
      "title": "Świtanie",
      "file": "poems/026.txt"
    },
    {
      "id": 27,
      "title": "Przyjaciołom",
      "file": "poems/027.txt"
    },
    {
      "id": 28,
      "title": "Już tylko sen",
      "file": "poems/028.txt"
    },
    {
      "id": 29,
      "title": "Czas przemija",
      "file": "poems/029.txt"
    },
    {
      "id": 30,
      "title": "Jedno spojrzenie",
      "file": "poems/030.txt"
    },
    {
      "id": 31,
      "title": "Pamiętnik",
      "file": "poems/031.txt"
    },
    {
      "id": 32,
      "title": "Wschodzący dzień",
      "file": "poems/032.txt"
    },
    {
      "id": 33,
      "title": "Znajoma stacja",
      "file": "poems/033.txt"
    },
    {
      "id": 34,
      "title": "W Wigilijną noc",
      "file": "poems/034.txt"
    },
    {
      "id": 35,
      "title": "Stary rok zapisał",
      "file": "poems/035.txt"
    },
    {
      "id": 36,
      "title": "Oddycham ciszą",
      "file": "poems/036.txt"
    },
    {
      "id": 37,
      "title": "Igraszki losu",
      "file": "poems/037.txt"
    },
    {
      "id": 38,
      "title": "Jeszcze niespełnione marzenie",
      "file": "poems/038.txt"
    },
    {
      "id": 39,
      "title": "Zimową nocą",
      "file": "poems/039.txt"
    },
    {
      "id": 40,
      "title": "Jeśli chcesz",
      "file": "poems/040.txt"
    },
    {
      "id": 41,
      "title": "Na lotni",
      "file": "poems/041.txt"
    },
    {
      "id": 42,
      "title": "Dla Ciebie",
      "file": "poems/042.txt"
    },
    {
      "id": 43,
      "title": "Za jeden uśmiech Twój",
      "file": "poems/043.txt"
    },
    {
      "id": 44,
      "title": "Obojętność",
      "file": "poems/044.txt"
    },
    {
      "id": 45,
      "title": "Beztroskie dzieci",
      "file": "poems/045.txt"
    },
    {
      "id": 46,
      "title": "Nocy świerszcz",
      "file": "poems/046.txt"
    },
    {
      "id": 47,
      "title": "Do ostatniego tchu",
      "file": "poems/047.txt"
    },
    {
      "id": 48,
      "title": "Wieczory",
      "file": "poems/048.txt"
    },
    {
      "id": 49,
      "title": "Milczenie",
      "file": "poems/049.txt"
    },
    {
      "id": 50,
      "title": "W zagubionym zmęczonym dniu",
      "file": "poems/050.txt"
    },
    {
      "id": 51,
      "title": "Wzruszona pamięć",
      "file": "poems/051.txt"
    },
    {
      "id": 52,
      "title": "Kamyk",
      "file": "poems/052.txt"
    },
    {
      "id": 53,
      "title": "Za każdym oddechem",
      "file": "poems/053.txt"
    },
    {
      "id": 54,
      "title": "Zmierzchem",
      "file": "poems/054.txt"
    },
    {
      "id": 55,
      "title": "Doskonały dzień",
      "file": "poems/055.txt"
    },
    {
      "id": 56,
      "title": "W chmurach",
      "file": "poems/056.txt"
    },
    {
      "id": 57,
      "title": "Nieznajomi",
      "file": "poems/057.txt"
    },
    {
      "id": 58,
      "title": "Dwa szalone serca",
      "file": "poems/058.txt"
    },
    {
      "id": 59,
      "title": "Dziękuję Mamo",
      "file": "poems/059.txt"
    },
    {
      "id": 60,
      "title": "Całuję Twoje stopy",
      "file": "poems/060.txt"
    },
    {
      "id": 61,
      "title": "Pamiętaj… a gdy Ty",
      "file": "poems/061.txt"
    },
    {
      "id": 62,
      "title": "Wieczory",
      "file": "poems/062.txt"
    },
    {
      "id": 63,
      "title": "Muzyk nocy",
      "file": "poems/063.txt"
    },
    {
      "id": 64,
      "title": "Smutne serca",
      "file": "poems/064.txt"
    },
    {
      "id": 65,
      "title": "Jak Tato",
      "file": "poems/065.txt"
    },
    {
      "id": 66,
      "title": "Bądź",
      "file": "poems/066.txt"
    },
    {
      "id": 67,
      "title": "Opowieść",
      "file": "poems/067.txt"
    },
    {
      "id": 68,
      "title": "You remember me",
      "file": "poems/068.txt"
    },
    {
      "id": 69,
      "title": "Przyszłość",
      "file": "poems/069.txt"
    },
    {
      "id": 70,
      "title": "Zamknięty w ciszę",
      "file": "poems/070.txt"
    },
    {
      "id": 71,
      "title": "Wspomnienia",
      "file": "poems/071.txt"
    },
    {
      "id": 72,
      "title": "Zranione serca",
      "file": "poems/072.txt"
    },
    {
      "id": 73,
      "title": "Wspomnienie na tafli",
      "file": "poems/073.txt"
    },
    {
      "id": 74,
      "title": "Niebieskie serca",
      "file": "poems/074.txt"
    },
    {
      "id": 75,
      "title": "Zapisane na sercu",
      "file": "poems/075.txt"
    },
    {
      "id": 76,
      "title": "Jesteś",
      "file": "poems/076.txt"
    },
    {
      "id": 77,
      "title": "Powroty",
      "file": "poems/077.txt"
    },
    {
      "id": 78,
      "title": "Kruchy uczuć",
      "file": "poems/078.txt"
    },
    {
      "id": 79,
      "title": "Niepamięć",
      "file": "poems/079.txt"
    },
    {
      "id": 80,
      "title": "Za zasłoną",
      "file": "poems/080.txt"
    },
    {
      "id": 81,
      "title": "Bratnie dusze",
      "file": "poems/081.txt"
    },
    {
      "id": 82,
      "title": "Podróż w nieznane",
      "file": "poems/082.txt"
    },
    {
      "id": 83,
      "title": "Nietykalni",
      "file": "poems/083.txt"
    },
    {
      "id": 84,
      "title": "Chłopiec",
      "file": "poems/084.txt"
    },
    {
      "id": 85,
      "title": "Podążasz za nią",
      "file": "poems/085.txt"
    },
    {
      "id": 86,
      "title": "Dzieciak",
      "file": "poems/086.txt"
    },
    {
      "id": 87,
      "title": "Niekończąca się opowieść",
      "file": "poems/087.txt"
    },
    {
      "id": 88,
      "title": "Zegar świata zatrzymał czas",
      "file": "poems/088.txt"
    },
    {
      "id": 89,
      "title": "Włoski akordeon",
      "file": "poems/089.txt"
    },
    {
      "id": 90,
      "title": "Słoneczne serca",
      "file": "poems/090.txt"
    },
    {
      "id": 91,
      "title": "Taka miłość zdarza się…",
      "file": "poems/091.txt"
    },
    {
      "id": 92,
      "title": "Okruchy wiosny",
      "file": "poems/092.txt"
    },
    {
      "id": 93,
      "title": "Jeden dotyk dłoni",
      "file": "poems/093.txt"
    },
    {
      "id": 94,
      "title": "Przeznaczenie",
      "file": "poems/094.txt"
    },
    {
      "id": 95,
      "title": "Przyszedłem na świat, aby Cię kochać",
      "file": "poems/095.txt"
    },
    {
      "id": 96,
      "title": "Noce i dni",
      "file": "poems/096.txt"
    },
    {
      "id": 97,
      "title": "Nocą pięknieje świat",
      "file": "poems/097.txt"
    },
    {
      "id": 98,
      "title": "Słońcem pięknieje czas",
      "file": "poems/098.txt"
    },
    {
      "id": 99,
      "title": "Wrzesień latem oczarowany",
      "file": "poems/099.txt"
    },
    {
      "id": 100,
      "title": "Poza światem",
      "file": "poems/100.txt"
    },
    {
      "id": 101,
      "title": "Kwiaty",
      "file": "poems/101.txt"
    },
    {
      "id": 102,
      "title": "Zachody",
      "file": "poems/102.txt"
    },
    {
      "id": 103,
      "title": "Słoneczna jesień",
      "file": "poems/103.txt"
    },
    {
      "id": 104,
      "title": "Od zmierzchu",
      "file": "poems/104.txt"
    },
    {
      "id": 105,
      "title": "Samba butelkowa",
      "file": "poems/105.txt"
    },
    {
      "id": 106,
      "title": "Miłość Ojca",
      "file": "poems/106.txt"
    },
    {
      "id": 107,
      "title": "Przemijanie",
      "file": "poems/107.txt"
    },
    {
      "id": 108,
      "title": "Kocham życie",
      "file": "poems/108.txt"
    },
    {
      "id": 109,
      "title": "W podróży po czas",
      "file": "poems/109.txt"
    },
    {
      "id": 110,
      "title": "Świat oddech wstrzymał",
      "file": "poems/110.txt"
    },
    {
      "id": 111,
      "title": "Za nim zapomnisz",
      "file": "poems/111.txt"
    },
    {
      "id": 112,
      "title": "Czas przebaczenia – 11 Listopad 2025",
      "file": "poems/112.txt"
    },
    {
      "id": 113,
      "title": "Odchodzi Jesień",
      "file": "poems/113.txt"
    },
    {
      "id": 114,
      "title": "Obudziła się miłość",
      "file": "poems/114.txt"
    },
    {
      "id": 115,
      "title": "Deszcz",
      "file": "poems/115.txt"
    },
    {
      "id": 116,
      "title": "Księżyc zanika",
      "file": "poems/116.txt"
    },
    {
      "id": 117,
      "title": "Nadziejo",
      "file": "poems/117.txt"
    }
  ],
  "gallery": [
    "photo1.jpg",
    "photo2.jpg",
    "photo3.jpg"
  ],
  "audio": [
    {
      "file": "track01.mp3",
      "title": "Czytanie 1"
    }
  ]
}